weather_station,year,HTDD
STATION,HTDD,
USC00310090,3499,
USC00310090,,
USC00310090,3343,
USC00310090,3479,
USC00310090,,
USC00310090,,
USC00310090,2868,
USC00310090,,
USC00310090,,
USC00310090,2976,
USC00310090,3269,
USC00310212,,
USC00310212,3539,
USC00310212,,
USC00310212,3533,
USC00310212,,
USC00310212,,
USC00310212,2850,
USC00310212,2706,
USC00310212,,
USC00310212,,
USC00310212,2957,
USC00310212,3171,
USC00310241,3505,
USC00310241,3396,
USC00310241,,
USC00310241,,
USC00310286,3653,
USC00310286,3577,
USC00310286,2733,
USC00310286,3469,
USC00310286,,
USC00310286,3796,
USC00310286,2994,
USC00310286,2862,
USC00310286,3834,
USC00310286,,
USC00310286,3156,
USC00310286,3467,
USC00310356,2545,
USC00310356,2670,
USC00310356,2516,
USC00310356,,
USC00310356,2838,
USC00310356,2005,
USC00310356,2071,
USC00310356,2662,
USC00310356,,
USC00310356,1974,
USC00310356,2167,
USC00310375,2871,
USC00310375,2927,
USC00310375,2090,
USC00310375,,
USC00310375,,
USC00310375,,
USC00310375,,
USC00310375,,
USC00310506,6263,
USC00310506,5848,
USC00310506,,
USC00310506,,
USC00310506,6203,
USC00310506,6007,
USC00310506,5346,
USC00310506,4982,
USC00310506,5596,
USC00310506,5230,
USC00310506,5326,
USC00310506,5461,
USC00310576,2581,
USC00310576,2918,
USC00310576,2300,
USC00310576,2787,
USC00310576,,
USC00310576,2805,
USC00310576,2185,
USC00310576,2340,
USC00310576,2749,
USC00310576,2403,
USC00310576,2249,
USC00310576,2534,
USC00310645,7402,
USC00310645,7005,
USC00310645,6202,
USC00310645,7368,
USC00310645,7249,
USC00310645,7087,
USC00310645,6389,
USC00310645,5940,
USC00310645,6767,
USC00310645,6442,
USC00310645,6483,
USC00310645,6599,
USC00310724,4901,
USC00310724,4790,
USC00310724,3932,
USC00310724,4694,
USC00310724,4927,
USC00310724,,
USC00310724,,
USC00310724,3796,
USC00310724,4531,
USC00310724,,
USC00310724,4170,
USC00310724,4374,
USC00310982,5838,
USC00310982,5809,
USC00310982,5146,
USC00310982,5986,
USC00310982,6112,
USC00310982,5901,
USC00310982,5263,
USC00310982,4903,
USC00310982,5597,
USC00310982,5233,
USC00310982,5178,
USC00310982,5448,
USC00311055,,
USC00311055,4576,
USC00311055,3823,
USC00311055,,
USC00311055,4702,
USC00311055,4421,
USC00311055,,
USC00311055,3596,
USC00311055,4338,
USC00311055,4077,
USC00311055,3966,
USC00311055,4194,
USC00311239,3199,
USC00311239,,
USC00311239,,
USC00311239,3227,
USC00311239,2439,
USC00311239,,
USC00311239,,
USC00311239,,
USC00311420,,
USC00311420,,
USC00311420,3435,
USC00311420,4472,
USC00311420,4735,
USC00311420,4461,
USC00311420,3846,
USC00311420,3535,
USC00311420,4361,
USC00311420,4099,
USC00311420,3988,
USC00311420,4285,
USC00311429,,
USC00311429,3343,
USC00311429,3998,
USC00311429,4202,
USC00311429,4101,
USC00311429,3323,
USC00311429,3211,
USC00311429,3809,
USC00311429,3597,
USC00311429,3367,
USC00311429,3617,
USC00311535,,
USC00311535,,
USC00311535,,
USC00311535,3712,
USC00311535,3867,
USC00311535,3866,
USC00311535,3020,
USC00311535,2911,
USC00311535,3597,
USC00311535,3348,
USC00311535,3146,
USC00311535,3427,
USC00311578,,
USC00311578,,
USC00311578,3551,
USC00311578,3423,
USC00311578,2790,
USC00311578,2546,
USC00311578,3269,
USC00311578,3181,
USC00311606,2692,
USC00311606,2801,
USC00311606,2114,
USC00311606,,
USC00311606,,
USC00311606,1841,
USC00311606,1247,
USC00311606,1206,
USC00311606,,
USC00311606,,
USC00311606,,
USC00311606,1671,
USC00311624,,
USC00311624,,
USC00311624,,
USC00311624,,
USC00311624,,
USC00311624,,
USC00311624,,
USC00311624,4594,
USC00311677,3722,
USC00311677,3759,
USC00311677,2985,
USC00311677,3784,
USC00311677,3766,
USC00311677,3686,
USC00311677,2814,
USC00311677,2747,
USC00311677,,
USC00311677,2978,
USC00311677,3213,
USC00311700,,
USC00311700,2731,
USC00311700,,
USC00311700,,
USC00311817,,
USC00311817,,
USC00311817,,
USC00311817,,
USC00311817,,
USC00311817,2925,
USC00311817,2862,
USC00311817,2721,
USC00311820,3605,
USC00311820,3635,
USC00311820,2871,
USC00311820,3592,
USC00311820,3747,
USC00311820,,
USC00311820,2983,
USC00311820,2934,
USC00311820,3504,
USC00311820,3218,
USC00311820,2456,
USC00311820,2517,
USC00311881,3153,
USC00311881,,
USC00311881,3216,
USC00311881,3209,
USC00311881,,
USC00311881,2527,
USC00311881,3152,
USC00311881,2759,
USC00311881,2552,
USC00311881,,
USC00311949,3695,
USC00311949,2857,
USC00311949,3481,
USC00311949,3573,
USC00311949,3422,
USC00311949,2414,
USC00311949,,
USC00311949,3055,
USC00311949,2686,
USC00311949,2518,
USC00311949,2853,
USC00311975,3468,
USC00311975,3415,
USC00311975,2718,
USC00311975,3607,
USC00311975,3778,
USC00311975,3598,
USC00311975,2776,
USC00311975,2627,
USC00311975,3370,
USC00311975,3249,
USC00311975,2977,
USC00311975,3153,
USC00312238,4576,
USC00312238,4135,
USC00312238,,
USC00312238,,
USC00312238,,
USC00312238,4151,
USC00312238,3398,
USC00312238,3102,
USC00312238,3909,
USC00312238,3703,
USC00312238,3599,
USC00312238,3701,
USC00312500,3355,
USC00312500,3288,
USC00312500,2432,
USC00312500,3194,
USC00312500,3258,
USC00312500,3359,
USC00312500,2503,
USC00312500,2362,
USC00312500,3193,
USC00312500,2727,
USC00312500,2510,
USC00312500,2864,
USC00312515,3878,
USC00312515,,
USC00312515,,
USC00312515,,
USC00312560,2929,
USC00312560,,
USC00312574,,
USC00312574,3262,
USC00312574,4041,
USC00312574,,
USC00312574,,
USC00312574,,
USC00312574,,
USC00312574,,
USC00312574,,
USC00312631,,
USC00312631,,
USC00312631,3382,
USC00312631,4160,
USC00312631,4201,
USC00312631,4189,
USC00312631,3251,
USC00312631,3108,
USC00312631,4102,
USC00312631,3840,
USC00312631,3726,
USC00312631,3829,
USC00312635,3172,
USC00312635,3328,
USC00312635,2389,
USC00312635,3202,
USC00312635,3261,
USC00312635,3353,
USC00312635,2414,
USC00312635,2497,
USC00312635,3049,
USC00312635,2633,
USC00312635,2460,
USC00312635,2717,
USC00312719,,
USC00312719,3307,
USC00312719,2385,
USC00312719,2524,
USC00312719,2997,
USC00312719,,
USC00312719,,
USC00312719,2732,
USC00312732,3026,
USC00312732,,
USC00312732,2260,
USC00312732,,
USC00312732,3237,
USC00312732,,
USC00312732,,
USC00312732,,
USC00312732,,
USC00312740,,
USC00312740,,
USC00312740,3486,
USC00312740,4252,
USC00312740,,
USC00312740,4408,
USC00312740,,
USC00312740,3316,
USC00312740,4196,
USC00312740,4055,
USC00312740,,
USC00312740,,
USC00312837,4439,
USC00312837,4321,
USC00312837,,
USC00312837,4282,
USC00312837,4655,
USC00312837,4370,
USC00312837,3789,
USC00312837,3510,
USC00312837,4299,
USC00312837,4008,
USC00312837,3909,
USC00312837,4165,
USC00312940,,
USC00312940,,
USC00312940,3449,
USC00312940,,
USC00312940,,
USC00312993,,
USC00312993,3799,
USC00312993,2959,
USC00312993,3753,
USC00312993,4064,
USC00312993,3244,
USC00312993,3169,
USC00312993,3816,
USC00312993,3561,
USC00312993,,
USC00312993,3482,
USC00313017,,
USC00313017,,
USC00313017,,
USC00313017,3111,
USC00313017,,
USC00313017,3286,
USC00313017,,
USC00313017,2454,
USC00313017,3044,
USC00313017,2636,
USC00313017,,
USC00313017,2649,
USC00313072,5586,
USC00313072,5386,
USC00313072,4488,
USC00313072,5495,
USC00313072,5421,
USC00313072,5331,
USC00313072,4492,
USC00313072,4142,
USC00313072,4917,
USC00313072,4822,
USC00313072,4780,
USC00313072,4974,
USC00313106,4685,
USC00313106,4590,
USC00313106,3709,
USC00313106,4452,
USC00313106,4644,
USC00313106,,
USC00313106,3872,
USC00313106,3621,
USC00313106,4317,
USC00313106,4071,
USC00313106,4350,
USC00313152,4163,
USC00313152,3832,
USC00313152,3272,
USC00313152,3932,
USC00313152,4151,
USC00313152,3860,
USC00313152,3336,
USC00313152,2974,
USC00313152,3656,
USC00313152,3469,
USC00313152,3295,
USC00313152,3491,
USC00313238,,
USC00313238,3109,
USC00313238,3907,
USC00313238,3894,
USC00313238,4019,
USC00313238,3143,
USC00313238,3109,
USC00313238,3806,
USC00313238,3481,
USC00313238,2954,
USC00313238,3270,
USC00313356,3553,
USC00313356,3499,
USC00313356,2574,
USC00313356,3136,
USC00313356,3543,
USC00313356,3390,
USC00313356,2731,
USC00313356,2408,
USC00313356,3085,
USC00313356,2909,
USC00313356,2697,
USC00313356,2927,
USC00313503,,
USC00313503,2720,
USC00313503,3471,
USC00313503,3597,
USC00313503,3556,
USC00313503,2667,
USC00313503,2700,
USC00313503,3359,
USC00313503,2903,
USC00313503,2809,
USC00313503,,
USC00313565,,
USC00313565,,
USC00313565,5637,
USC00313565,,
USC00313565,,
USC00313565,,
USC00313565,,
USC00313565,5587,
USC00313565,6572,
USC00313565,6103,
USC00313565,6038,
USC00313565,6369,
USC00313566,,
USC00313566,5496,
USC00313566,5686,
USC00313625,3551,
USC00313625,,
USC00313625,,
USC00313625,3611,
USC00313625,3661,
USC00313625,2898,
USC00313625,2596,
USC00313625,,
USC00313625,3107,
USC00313625,3413,
USC00313638,3150,
USC00313638,3320,
USC00313638,2416,
USC00313638,3118,
USC00313638,3174,
USC00313638,3284,
USC00313638,2358,
USC00313638,2422,
USC00313638,3063,
USC00313638,2696,
USC00313638,2445,
USC00313638,2704,
USC00313784,3351,
USC00313784,3318,
USC00313784,2355,
USC00313784,2982,
USC00313784,3131,
USC00313784,3127,
USC00313784,2321,
USC00313784,2242,
USC00313784,2884,
USC00313784,2619,
USC00313784,,
USC00313784,2736,
USC00313919,,
USC00313919,,
USC00313919,,
USC00313919,3644,
USC00313919,,
USC00313919,2929,
USC00313919,3464,
USC00313969,4167,
USC00313969,,
USC00313969,3264,
USC00313969,4152,
USC00313969,4356,
USC00313969,4322,
USC00313969,,
USC00313969,3165,
USC00313969,3953,
USC00313969,,
USC00313969,,
USC00313969,,
USC00313971,3392,
USC00313971,,
USC00313971,,
USC00313971,,
USC00313971,3166,
USC00313971,2787,
USC00313971,3165,
USC00313976,,
USC00313976,,
USC00313976,,
USC00313976,4213,
USC00313976,4607,
USC00313976,4219,
USC00313976,3801,
USC00313976,3489,
USC00313976,4297,
USC00313976,4060,
USC00313976,3971,
USC00313976,4219,
USC00314063,3431,
USC00314063,3363,
USC00314063,,
USC00314063,3320,
USC00314063,,
USC00314063,3384,
USC00314063,2681,
USC00314063,,
USC00314063,3207,
USC00314063,3092,
USC00314063,,
USC00314063,3095,
USC00314144,3367,
USC00314260,,
USC00314260,,
USC00314260,,
USC00314260,,
USC00314260,4102,
USC00314260,,
USC00314260,,
USC00314260,3040,
USC00314260,3788,
USC00314260,3523,
USC00314260,3455,
USC00314260,3618,
USC00314456,,
USC00314456,3972,
USC00314456,3096,
USC00314456,3984,
USC00314456,4076,
USC00314456,4102,
USC00314456,3177,
USC00314456,3841,
USC00314456,3468,
USC00314456,3318,
USC00314456,3531,
USC00314464,3579,
USC00314464,3577,
USC00314464,3362,
USC00314464,3400,
USC00314464,3211,
USC00314464,2445,
USC00314464,2465,
USC00314464,3058,
USC00314464,2868,
USC00314464,2660,
USC00314464,2897,
USC00314471,2849,
USC00314471,,
USC00314471,,
USC00314471,,
USC00314471,,
USC00314471,2900,
USC00314471,,
USC00314471,,
USC00314471,2785,
USC00314471,2263,
USC00314471,,
USC00314471,,
USC00314496,5786,
USC00314496,5684,
USC00314496,4884,
USC00314496,,
USC00314496,5536,
USC00314496,5512,
USC00314496,5004,
USC00314496,4641,
USC00314496,5393,
USC00314496,5097,
USC00314496,5055,
USC00314496,,
USC00314684,3447,
USC00314684,3507,
USC00314684,,
USC00314684,3289,
USC00314684,3406,
USC00314684,3478,
USC00314684,2555,
USC00314684,2654,
USC00314689,2717,
USC00314689,2797,
USC00314689,1969,
USC00314689,2670,
USC00314689,,
USC00314689,1991,
USC00314689,1951,
USC00314689,2603,
USC00314689,2398,
USC00314689,2560,
USC00314689,2810,
USC00314764,,
USC00314764,,
USC00314764,,
USC00314764,,
USC00314764,,
USC00314764,3143,
USC00314764,2874,
USC00314764,3555,
USC00314764,3408,
USC00314764,3236,
USC00314764,3323,
USC00314860,3249,
USC00314860,,
USC00314860,2462,
USC00314860,,
USC00314860,,
USC00314860,3163,
USC00314860,,
USC00314860,,
USC00314860,,
USC00314860,,
USC00314860,2347,
USC00314860,2216,
USC00314938,4016,
USC00314938,3935,
USC00314938,3037,
USC00314938,3921,
USC00314938,4074,
USC00314938,4000,
USC00314938,3334,
USC00314938,3090,
USC00314938,3951,
USC00314938,3649,
USC00314938,3545,
USC00314938,3651,
USC00314962,3496,
USC00314962,3555,
USC00314962,2745,
USC00314962,3434,
USC00314962,3720,
USC00314962,,
USC00314962,2828,
USC00314962,,
USC00314962,2954,
USC00314962,2711,
USC00314962,3101,
USC00314970,3579,
USC00314970,,
USC00314970,2738,
USC00314970,3622,
USC00314970,3800,
USC00314970,3443,
USC00314970,2866,
USC00314970,,
USC00314970,3487,
USC00314970,3287,
USC00314970,,
USC00314970,3213,
USC00314987,3471,
USC00314987,3390,
USC00314987,3525,
USC00314987,,
USC00314987,,
USC00314987,,
USC00314987,,
USC00314987,2734,
USC00314987,3021,
USC00314996,3762,
USC00314996,3665,
USC00314996,2856,
USC00314996,3499,
USC00314996,3633,
USC00314996,3515,
USC00314996,2920,
USC00314996,2705,
USC00314996,3432,
USC00314996,3186,
USC00314996,2966,
USC00314996,3126,
USC00315116,3024,
USC00315116,3127,
USC00315116,2284,
USC00315116,2892,
USC00315116,,
USC00315116,2996,
USC00315116,2239,
USC00315116,2263,
USC00315116,2801,
USC00315116,2513,
USC00315123,3873,
USC00315123,3901,
USC00315123,,
USC00315123,,
USC00315123,,
USC00315123,3783,
USC00315123,,
USC00315123,,
USC00315123,,
USC00315123,3356,
USC00315123,3163,
USC00315123,,
USC00315175,3171,
USC00315175,,
USC00315175,,
USC00315175,2961,
USC00315175,3048,
USC00315175,,
USC00315175,,
USC00315175,,
USC00315177,3190,
USC00315177,3117,
USC00315177,2340,
USC00315177,3020,
USC00315177,2995,
USC00315177,2962,
USC00315177,2316,
USC00315177,,
USC00315177,2775,
USC00315177,2332,
USC00315177,,
USC00315340,,
USC00315340,,
USC00315340,,
USC00315340,,
USC00315340,,
USC00315340,3796,
USC00315340,,
USC00315340,3011,
USC00315340,3801,
USC00315340,3530,
USC00315340,3306,
USC00315340,3366,
USC00315356,4857,
USC00315356,4894,
USC00315356,3908,
USC00315356,4815,
USC00315356,5034,
USC00315356,4846,
USC00315356,4110,
USC00315356,3926,
USC00315356,4562,
USC00315356,4352,
USC00315356,4242,
USC00315356,4401,
USC00315743,,
USC00315743,,
USC00315743,,
USC00315743,,
USC00315743,,
USC00315743,,
USC00315743,3538,
USC00315743,3388,
USC00315743,4122,
USC00315743,3867,
USC00315743,3696,
USC00315743,3911,
USC00315771,,
USC00315771,3181,
USC00315771,,
USC00315771,3531,
USC00315771,3436,
USC00315771,2629,
USC00315771,2522,
USC00315771,3155,
USC00315771,3034,
USC00315771,2796,
USC00315771,3029,
USC00315820,,
USC00315820,,
USC00315820,,
USC00315820,2578,
USC00315820,2503,
USC00315830,,
USC00315830,2650,
USC00315830,1752,
USC00315830,2285,
USC00315830,2338,
USC00315830,2866,
USC00315830,2056,
USC00315830,2116,
USC00315830,2735,
USC00315830,,
USC00315830,2165,
USC00315830,2398,
USC00315838,4200,
USC00315838,4027,
USC00315838,3303,
USC00315838,3951,
USC00315838,4178,
USC00315838,4016,
USC00315838,3417,
USC00315838,3084,
USC00315838,3858,
USC00315838,3678,
USC00315838,3493,
USC00315838,3668,
USC00315890,,
USC00315890,4384,
USC00315890,3680,
USC00315890,4462,
USC00315890,4691,
USC00315890,4496,
USC00315890,3815,
USC00315890,3613,
USC00315890,4420,
USC00315890,4142,
USC00315890,4128,
USC00315890,4114,
USC00315923,8286,
USC00315923,7748,
USC00315923,7035,
USC00315923,8069,
USC00315923,8000,
USC00315923,7876,
USC00315923,7334,
USC00315923,6941,
USC00315923,7741,
USC00315923,7491,
USC00315923,7479,
USC00315923,7417,
USC00315930,,
USC00315930,,
USC00315930,,
USC00315930,3354,
USC00315930,,
USC00315930,,
USC00315930,,
USC00315930,,
USC00315930,,
USC00315930,,
USC00315996,,
USC00315996,,
USC00315996,3130,
USC00315996,3992,
USC00315996,4177,
USC00315996,4127,
USC00315996,3091,
USC00315996,3185,
USC00315996,3715,
USC00315996,3342,
USC00315996,,
USC00315996,3343,
USC00316096,3117,
USC00316096,3309,
USC00316096,2369,
USC00316096,2954,
USC00316096,3006,
USC00316096,3098,
USC00316096,2288,
USC00316096,2430,
USC00316096,2821,
USC00316096,2422,
USC00316096,2339,
USC00316096,2595,
USC00316122,3811,
USC00316122,,
USC00316122,3708,
USC00316122,,
USC00316122,,
USC00316122,3729,
USC00316122,,
USC00316122,3144,
USC00316122,3283,
USC00316236,,
USC00316236,,
USC00316236,,
USC00316236,,
USC00316236,,
USC00316236,,
USC00316236,,
USC00316236,,
USC00316236,3885,
USC00316236,3665,
USC00316236,3569,
USC00316236,3723,
USC00316256,4319,
USC00316256,4245,
USC00316256,3384,
USC00316256,4236,
USC00316256,4295,
USC00316256,4179,
USC00316256,3490,
USC00316256,3192,
USC00316256,3955,
USC00316256,3718,
USC00316256,3570,
USC00316256,3675,
USC00316349,2711,
USC00316349,2926,
USC00316349,1953,
USC00316349,2644,
USC00316349,2598,
USC00316349,2759,
USC00316349,,
USC00316349,,
USC00316349,1851,
USC00316349,2145,
USC00316380,,
USC00316380,,
USC00316380,,
USC00316380,,
USC00316380,,
USC00316380,3449,
USC00316380,4272,
USC00316380,4027,
USC00316380,3973,
USC00316380,4117,
USC00316422,3271,
USC00316422,3426,
USC00316422,,
USC00316422,,
USC00316422,2073,
USC00316422,,
USC00316422,,
USC00316422,2916,
USC00316510,3763,
USC00316510,3797,
USC00316510,2990,
USC00316510,3746,
USC00316510,,
USC00316510,,
USC00316510,,
USC00316676,,
USC00316676,,
USC00316676,,
USC00316676,,
USC00316676,2775,
USC00316676,2816,
USC00316676,1965,
USC00316676,2057,
USC00316676,2513,
USC00316676,2120,
USC00316676,2449,
USC00316676,2733,
USC00316686,,
USC00316686,,
USC00316686,,
USC00316686,,
USC00316686,,
USC00316686,,
USC00316686,3685,
USC00316686,,
USC00316686,3938,
USC00316805,,
USC00316805,4385,
USC00316805,3615,
USC00316805,4430,
USC00316805,4735,
USC00316805,4260,
USC00316805,3826,
USC00316805,3530,
USC00316805,4116,
USC00316805,3903,
USC00316805,3813,
USC00316805,4081,
USC00316853,3073,
USC00316853,3242,
USC00316853,2356,
USC00316853,3187,
USC00316853,3143,
USC00316853,3242,
USC00316853,2285,
USC00316853,2376,
USC00316853,2952,
USC00316853,2579,
USC00316853,2391,
USC00316853,2719,
USC00317056,,
USC00317056,3455,
USC00317056,2696,
USC00317056,,
USC00317056,,
USC00317056,,
USC00317079,3100,
USC00317079,3294,
USC00317079,2501,
USC00317079,3247,
USC00317079,3464,
USC00317079,3628,
USC00317079,2798,
USC00317079,2587,
USC00317079,3161,
USC00317079,3012,
USC00317079,2637,
USC00317079,2936,
USC00317097,,
USC00317097,,
USC00317097,,
USC00317097,,
USC00317097,3098,
USC00317097,2931,
USC00317097,3813,
USC00317097,,
USC00317097,3350,
USC00317097,3564,
USC00317170,2517,
USC00317170,2564,
USC00317170,2734,
USC00317170,2705,
USC00317170,2923,
USC00317170,2037,
USC00317170,2153,
USC00317170,2609,
USC00317170,,
USC00317170,2140,
USC00317170,2444,
USC00317202,4004,
USC00317202,4026,
USC00317202,3243,
USC00317202,4015,
USC00317202,4157,
USC00317202,4189,
USC00317202,3360,
USC00317202,3173,
USC00317202,3997,
USC00317202,3821,
USC00317202,3568,
USC00317202,3602,
USC00317319,3644,
USC00317319,3806,
USC00317319,3015,
USC00317319,,
USC00317319,3786,
USC00317319,3768,
USC00317319,2878,
USC00317319,2637,
USC00317319,3323,
USC00317319,3314,
USC00317319,3195,
USC00317319,3359,
USC00317400,,
USC00317400,3688,
USC00317400,3830,
USC00317400,3804,
USC00317400,2939,
USC00317400,3008,
USC00317400,3542,
USC00317400,3213,
USC00317400,2859,
USC00317400,2717,
USC00317516,,
USC00317516,,
USC00317516,,
USC00317516,4128,
USC00317516,4280,
USC00317516,4207,
USC00317516,3293,
USC00317516,3177,
USC00317516,,
USC00317516,,
USC00317516,,
USC00317516,2810,
USC00317615,3599,
USC00317615,3575,
USC00317615,2775,
USC00317615,3603,
USC00317615,3737,
USC00317615,3652,
USC00317615,3027,
USC00317615,2661,
USC00317615,3511,
USC00317615,3320,
USC00317615,3086,
USC00317615,3271,
USC00317618,4075,
USC00317618,4063,
USC00317618,3164,
USC00317618,3873,
USC00317618,4118,
USC00317618,4123,
USC00317618,3333,
USC00317618,3176,
USC00317618,3891,
USC00317618,3582,
USC00317618,3420,
USC00317618,3549,
USC00317656,3442,
USC00317656,3410,
USC00317656,2630,
USC00317656,3286,
USC00317656,,
USC00317656,3423,
USC00317656,2591,
USC00317656,2500,
USC00317656,3170,
USC00317656,2906,
USC00317656,2699,
USC00317656,3056,
USC00317813,2727,
USC00317813,,
USC00317813,1798,
USC00317813,2411,
USC00317813,2559,
USC00317813,2648,
USC00317813,1904,
USC00317813,,
USC00317813,2534,
USC00317813,2171,
USC00317813,2080,
USC00317813,2281,
USC00317845,3821,
USC00317845,3743,
USC00317845,2793,
USC00317845,3629,
USC00317845,3852,
USC00317845,3726,
USC00317845,3114,
USC00317845,2962,
USC00317845,3622,
USC00317845,3476,
USC00317845,3320,
USC00317845,3469,
USC00317924,3674,
USC00317924,3569,
USC00317924,2789,
USC00317924,3827,
USC00317924,3039,
USC00317924,2886,
USC00317994,3476,
USC00317994,3696,
USC00317994,,
USC00317994,3327,
USC00317994,,
USC00317994,,
USC00317994,2554,
USC00317994,2535,
USC00317994,3277,
USC00317994,2763,
USC00318066,3064,
USC00318066,3250,
USC00318066,,
USC00318066,2462,
USC00318066,,
USC00318066,3172,
USC00318066,2809,
USC00318066,2608,
USC00318221,,
USC00318221,,
USC00318221,,
USC00318221,5110,
USC00318221,5540,
USC00318221,5200,
USC00318221,,
USC00318221,4270,
USC00318221,4913,
USC00318221,4672,
USC00318221,4737,
USC00318221,5003,
USC00318292,4437,
USC00318292,4422,
USC00318292,3587,
USC00318292,4294,
USC00318292,4465,
USC00318292,4388,
USC00318292,3711,
USC00318292,3438,
USC00318292,4125,
USC00318292,3822,
USC00318292,3669,
USC00318292,3861,
USC00318380,,
USC00318380,,
USC00318380,,
USC00318380,,
USC00318380,,
USC00318380,,
USC00318380,,
USC00318380,2226,
USC00318380,,
USC00318450,,
USC00318450,,
USC00318450,,
USC00318450,,
USC00318450,3038,
USC00318450,,
USC00318450,2183,
USC00318450,2437,
USC00318450,2903,
USC00318450,2506,
USC00318450,2285,
USC00318450,2537,
USC00318500,3494,
USC00318500,3567,
USC00318500,2678,
USC00318500,3568,
USC00318500,3688,
USC00318500,3624,
USC00318500,2750,
USC00318500,,
USC00318500,3408,
USC00318500,2977,
USC00318500,2851,
USC00318500,3089,
USC00318519,,
USC00318519,,
USC00318519,,
USC00318519,3597,
USC00318519,3998,
USC00318519,3901,
USC00318519,3258,
USC00318519,2981,
USC00318519,3788,
USC00318519,3602,
USC00318519,3312,
USC00318519,3577,
USC00318694,6051,
USC00318694,5778,
USC00318694,4974,
USC00318694,5810,
USC00318694,5909,
USC00318694,5618,
USC00318694,,
USC00318694,,
USC00318694,5464,
USC00318694,5192,
USC00318694,5148,
USC00318694,5501,
USC00318744,3453,
USC00318744,3347,
USC00318744,2425,
USC00318744,3208,
USC00318744,3536,
USC00318744,3316,
USC00318744,2742,
USC00318744,2388,
USC00318744,3283,
USC00318744,3192,
USC00318744,2976,
USC00318744,3139,
USC00318906,,
USC00318906,3246,
USC00318906,,
USC00318906,4243,
USC00318906,4062,
USC00318906,3404,
USC00318906,3187,
USC00318906,3843,
USC00318906,3626,
USC00318906,3453,
USC00318906,3619,
USC00318964,3284,
USC00318964,3276,
USC00318964,2491,
USC00318964,3125,
USC00318964,,
USC00318964,,
USC00318964,,
USC00319026,,
USC00319026,3380,
USC00319026,3156,
USC00319026,3176,
USC00319026,,
USC00319026,,
USC00319026,3005,
USC00319026,,
USC00319026,2538,
USC00319026,2633,
USC00319081,,
USC00319081,3619,
USC00319081,,
USC00319081,3591,
USC00319081,3780,
USC00319081,,
USC00319100,2985,
USC00319100,3073,
USC00319100,2170,
USC00319100,2892,
USC00319100,,
USC00319100,,
USC00319100,2490,
USC00319100,2629,
USC00319100,3355,
USC00319100,3250,
USC00319100,,
USC00319100,2520,
USC00319357,,
USC00319357,3155,
USC00319357,2332,
USC00319357,2967,
USC00319357,3126,
USC00319357,3096,
USC00319357,,
USC00319357,,
USC00319357,2932,
USC00319357,,
USC00319423,,
USC00319423,3270,
USC00319440,3132,
USC00319440,3486,
USC00319440,2473,
USC00319440,3301,
USC00319440,3396,
USC00319440,3423,
USC00319440,2429,
USC00319440,2587,
USC00319440,3223,
USC00319440,2785,
USC00319440,2678,
USC00319440,2841,
USC00319461,2708,
USC00319461,2865,
USC00319461,2000,
USC00319461,2627,
USC00319461,2718,
USC00319461,2643,
USC00319461,1982,
USC00319461,1974,
USC00319461,2581,
USC00319461,,
USC00319461,,
USC00319461,2270,
USC00319467,3008,
USC00319467,,
USC00319467,2340,
USC00319467,2614,
USC00319467,,
USC00319467,2710,
USC00319467,1961,
USC00319467,2008,
USC00319467,2618,
USC00319467,2451,
USC00319467,,
USC00319476,3234,
USC00319476,3424,
USC00319476,2630,
USC00319476,3329,
USC00319476,3255,
USC00319476,,
USC00319476,2542,
USC00319476,2562,
USC00319476,3233,
USC00319476,2934,
USC00319476,2628,
USC00319476,2937,
USC00319555,4203,
USC00319555,,
USC00319555,3255,
USC00319555,4092,
USC00319555,3987,
USC00319555,,
USC00319555,,
USC00319555,3012,
USC00319555,3853,
USC00319555,3683,
USC00319555,3500,
USC00319555,3584,
USC00319675,4325,
USC00319675,4357,
USC00319675,3513,
USC00319675,4291,
USC00319675,4442,
USC00319675,4375,
USC00319675,3699,
USC00319675,3517,
USC00319675,4228,
USC00319675,4001,
USC00319675,,
USC00319675,4086,
USC00319704,,
USC00319704,,
USC00319704,,
USC00319704,3886,
USC00319704,,
USC00319704,,
USC00319704,,
USC00319704,,
USC00319704,,
USC00319704,,
USC00319704,,
USC00319704,,
USR0000NBAC,3119,
USR0000NBAC,3537,
USR0000NBAC,2203,
USR0000NBAC,,
USR0000NBAC,2729,
USR0000NBAC,2387,
USR0000NBAC,2336,
USR0000NBAC,2582,
USR0000NBFT,2950,
USR0000NBFT,3084,
USR0000NBFT,,
USR0000NBFT,3024,
USR0000NBFT,,
USR0000NBFT,3154,
USR0000NBFT,2367,
USR0000NBFT,,
USR0000NBFT,3017,
USR0000NBFT,2695,
USR0000NBFT,2531,
USR0000NBFT,2798,
USR0000NBUS,,
USR0000NBUS,5004,
USR0000NBUS,4141,
USR0000NBUS,4852,
USR0000NBUS,5083,
USR0000NBUS,4625,
USR0000NBUS,4225,
USR0000NBUS,3763,
USR0000NBUS,4365,
USR0000NBUS,4470,
USR0000NBUS,4283,
USR0000NBUS,4537,
USR0000NCAS,3805,
USR0000NCAS,3826,
USR0000NCAS,2996,
USR0000NCAS,3914,
USR0000NCAS,3074,
USR0000NCAS,2905,
USR0000NCAS,3640,
USR0000NCAS,3580,
USR0000NCAS,3333,
USR0000NCAS,3469,
USR0000NCRN,,
USR0000NCRN,3095,
USR0000NCRN,2227,
USR0000NCRN,2787,
USR0000NCRN,2934,
USR0000NCRN,2182,
USR0000NCRN,2806,
USR0000NCRN,2219,
USR0000NCRN,,
USR0000NCRN,2580,
USR0000NDUK,3543,
USR0000NDUK,3574,
USR0000NDUK,2753,
USR0000NDUK,3491,
USR0000NDUK,3645,
USR0000NDUK,3628,
USR0000NDUK,2834,
USR0000NDUK,2661,
USR0000NDUK,3462,
USR0000NDUK,3210,
USR0000NDUK,2980,
USR0000NDUK,3185,
USR0000NFAI,2883,
USR0000NFAI,3088,
USR0000NFAI,2261,
USR0000NFAI,2962,
USR0000NFAI,3063,
USR0000NFAI,,
USR0000NFAI,2352,
USR0000NFAI,2813,
USR0000NFAI,,
USR0000NFAI,2207,
USR0000NFAI,2497,
USR0000NFBR,,
USR0000NFBR,2850,
USR0000NFBR,2129,
USR0000NFBR,2721,
USR0000NFBR,2892,
USR0000NFBR,2927,
USR0000NFBR,,
USR0000NFBR,2772,
USR0000NFBR,2582,
USR0000NFBR,2413,
USR0000NFBR,2529,
USR0000NGRC,3292,
USR0000NGRC,3209,
USR0000NGRC,2591,
USR0000NGRC,,
USR0000NGRC,3479,
USR0000NGRC,,
USR0000NGRC,2633,
USR0000NGRC,3212,
USR0000NGRC,2942,
USR0000NGRC,2680,
USR0000NGRC,2979,
USR0000NGRF,3909,
USR0000NGRF,3907,
USR0000NGRF,3067,
USR0000NGRF,3772,
USR0000NGRF,3987,
USR0000NGRF,3769,
USR0000NGRF,3128,
USR0000NGRF,2940,
USR0000NGRF,3540,
USR0000NGRF,3469,
USR0000NGRF,3448,
USR0000NGRF,3483,
USR0000NGUI,,
USR0000NGUI,4241,
USR0000NGUI,3411,
USR0000NGUI,3918,
USR0000NGUI,3634,
USR0000NGUI,,
USR0000NGUI,3863,
USR0000NGUI,3815,
USR0000NGUI,3776,
USR0000NGUI,,
USR0000NHOF,3393,
USR0000NHOF,3496,
USR0000NHOF,,
USR0000NHOF,2152,
USR0000NHOF,2271,
USR0000NHOF,2846,
USR0000NHOF,2542,
USR0000NHOF,2381,
USR0000NHOF,2616,
USR0000NJCY,4412,
USR0000NJCY,3996,
USR0000NJCY,3235,
USR0000NJCY,3944,
USR0000NJCY,3942,
USR0000NJCY,3357,
USR0000NJCY,,
USR0000NJCY,3809,
USR0000NJCY,3624,
USR0000NJCY,3427,
USR0000NJCY,3580,
USR0000NLEX,3551,
USR0000NLEX,3511,
USR0000NLEX,2657,
USR0000NLEX,3401,
USR0000NLEX,3509,
USR0000NLEX,3540,
USR0000NLEX,2846,
USR0000NLEX,,
USR0000NLEX,3480,
USR0000NLEX,3286,
USR0000NLEX,3089,
USR0000NLEX,3228,
USR0000NLSP,5288,
USR0000NMTI,3331,
USR0000NMTI,3479,
USR0000NMTI,2602,
USR0000NMTI,3325,
USR0000NMTI,3346,
USR0000NMTI,,
USR0000NMTI,3184,
USR0000NMTI,3039,
USR0000NMTI,2871,
USR0000NMTI,2990,
USR0000NNAC,2914,
USR0000NNAC,3032,
USR0000NNAC,2176,
USR0000NNAC,2822,
USR0000NNAC,2051,
USR0000NNAC,2624,
USR0000NNAC,2211,
USR0000NNAC,,
USR0000NNCP,,
USR0000NNCP,4156,
USR0000NNCP,,
USR0000NNCP,3954,
USR0000NNCP,,
USR0000NNCP,3915,
USR0000NNCP,3836,
USR0000NNCP,3730,
USR0000NNCP,3732,
USR0000NNWB,,
USR0000NNWB,2917,
USR0000NNWB,,
USR0000NNWB,,
USR0000NNWB,2887,
USR0000NNWB,2060,
USR0000NNWB,,
USR0000NNWB,2632,
USR0000NNWB,2328,
USR0000NNWB,2102,
USR0000NNWB,2405,
USR0000NPOC,3229,
USR0000NPOC,3432,
USR0000NPOC,2611,
USR0000NPOC,,
USR0000NPOC,3426,
USR0000NPOC,,
USR0000NPOC,2742,
USR0000NPOC,3245,
USR0000NPOC,,
USR0000NPOC,2636,
USR0000NPOC,,
USR0000NRCK,3125,
USR0000NRCK,2936,
USR0000NRCK,2070,
USR0000NRCK,,
USR0000NRCK,2191,
USR0000NRCK,2798,
USR0000NRCK,2587,
USR0000NRCK,2384,
USR0000NRCK,2550,
USR0000NREN,3921,
USR0000NREN,3855,
USR0000NREN,4076,
USR0000NREN,3938,
USR0000NREN,,
USR0000NREN,,
USR0000NREN,3632,
USR0000NREN,3572,
USR0000NRKM,3139,
USR0000NRKM,3111,
USR0000NRKM,2300,
USR0000NRKM,3143,
USR0000NRUT,3608,
USR0000NRUT,2865,
USR0000NRUT,3425,
USR0000NRUT,,
USR0000NRUT,,
USR0000NRUT,2870,
USR0000NRUT,,
USR0000NRUT,3283,
USR0000NRUT,3275,
USR0000NRUT,3110,
USR0000NRUT,3155,
USR0000NSND,3019,
USR0000NSND,2120,
USR0000NSND,2806,
USR0000NSND,2684,
USR0000NSND,2810,
USR0000NSND,2033,
USR0000NSND,2143,
USR0000NSND,2624,
USR0000NSND,2263,
USR0000NSND,2166,
USR0000NSND,2401,
USR0000NSUN,2590,
USR0000NSUN,2650,
USR0000NSUN,,
USR0000NSUN,2553,
USR0000NSUN,1925,
USR0000NSUN,1932,
USR0000NSUN,2499,
USR0000NSUN,2061,
USR0000NSUN,1923,
USR0000NSUN,2290,
USR0000NTUR,2927,
USR0000NTUR,2983,
USR0000NTUR,2198,
USR0000NTUR,,
USR0000NTUR,2952,
USR0000NTUR,,
USR0000NTUR,2791,
USR0000NTUR,,
USR0000NTUR,2262,
USR0000NTUR,2499,
USR0000NUWH,3670,
USR0000NUWH,3718,
USR0000NUWH,2852,
USR0000NUWH,,
USR0000NUWH,3554,
USR0000NUWH,3573,
USR0000NUWH,2801,
USR0000NUWH,2717,
USR0000NUWH,3360,
USR0000NUWH,,
USR0000NUWH,2911,
USR0000NUWH,3058,
USR0000NWHI,2718,
USR0000NWHI,2786,
USR0000NWHI,1873,
USR0000NWHI,2720,
USR0000NWHI,2600,
USR0000NWHI,,
USR0000NWHI,1877,
USR0000NWHI,2531,
USR0000NWHI,2219,
USR0000NWHI,2003,
USR0000NWHI,2224,
USW00003758,3723,
USW00003758,3757,
USW00003758,2954,
USW00003758,3728,
USW00003758,3853,
USW00003758,3843,
USW00003758,2991,
USW00003758,,
USW00003758,3553,
USW00003758,3317,
USW00003758,3109,
USW00003810,3816,
USW00003810,3698,
USW00003810,2896,
USW00003810,3625,
USW00003810,3780,
USW00003810,3687,
USW00003810,3065,
USW00003810,2759,
USW00003810,3544,
USW00003810,3459,
USW00003810,3212,
USW00003810,3394,
USW00003812,4508,
USW00003812,4316,
USW00003812,3368,
USW00003812,4133,
USW00003812,4349,
USW00003812,4023,
USW00003812,3507,
USW00003812,3178,
USW00003812,3824,
USW00003812,3593,
USW00003812,3429,
USW00003812,3722,
USW00013722,3471,
USW00013722,3356,
USW00013722,2579,
USW00013722,3370,
USW00013722,3522,
USW00013722,3529,
USW00013722,2656,
USW00013722,2549,
USW00013722,3388,
USW00013722,3167,
USW00013722,2755,
USW00013722,3055,
USW00013723,3689,
USW00013723,3741,
USW00013723,2900,
USW00013723,3694,
USW00013723,3863,
USW00013723,3744,
USW00013723,2952,
USW00013723,2813,
USW00013723,3602,
USW00013723,3422,
USW00013723,3210,
USW00013723,3454,
USW00013748,2710,
USW00013748,2861,
USW00013748,1874,
USW00013748,2489,
USW00013748,2471,
USW00013748,2639,
USW00013748,1847,
USW00013748,1979,
USW00013748,2435,
USW00013748,2147,
USW00013748,1893,
USW00013748,2099,
USW00013754,2923,
USW00013754,2891,
USW00013754,,
USW00013754,2592,
USW00013754,2764,
USW00013754,2765,
USW00013754,2048,
USW00013754,2109,
USW00013754,2420,
USW00013754,,
USW00013754,,
USW00013754,,
USW00013776,2963,
USW00013776,2980,
USW00013776,2178,
USW00013776,2853,
USW00013776,2988,
USW00013776,2823,
USW00013776,2054,
USW00013776,,
USW00013776,,
USW00013776,,
USW00013776,,
USW00013776,2369,
USW00013786,3035,
USW00013786,3440,
USW00013786,2362,
USW00013786,2941,
USW00013786,3320,
USW00013786,3278,
USW00013786,2527,
USW00013786,2735,
USW00013786,3141,
USW00013786,2733,
USW00013786,2425,
USW00013786,2816,
USW00013872,4344,
USW00013872,4187,
USW00013872,3141,
USW00013872,4022,
USW00013872,4152,
USW00013872,3903,
USW00013872,3298,
USW00013872,2980,
USW00013872,3804,
USW00013872,3657,
USW00013872,3527,
USW00013872,3718,
USW00013881,3519,
USW00013881,3410,
USW00013881,2647,
USW00013881,3272,
USW00013881,3431,
USW00013881,3298,
USW00013881,2609,
USW00013881,2435,
USW00013881,3019,
USW00013881,2904,
USW00013881,2647,
USW00013881,2855,
USW00053870,3504,
USW00053870,3477,
USW00053870,,
USW00053870,3199,
USW00053870,3335,
USW00053870,3257,
USW00053870,2563,
USW00053870,2325,
USW00053870,2925,
USW00053870,2750,
USW00053870,2460,
USW00053870,,
USW00053872,3403,
USW00053872,,
USW00053872,2610,
USW00053872,3044,
USW00053872,3218,
USW00053872,,
USW00053872,2532,
USW00053872,2378,
USW00053872,3051,
USW00053872,2901,
USW00053872,2627,
USW00053872,2875,
USW00053877,,
USW00053877,4580,
USW00053877,3794,
USW00053877,4558,
USW00053877,4782,
USW00053877,4471,
USW00053877,3950,
USW00053877,3656,
USW00053877,4301,
USW00053877,4046,
USW00053877,3982,
USW00053877,4225,
USW00053878,4601,
USW00053878,4481,
USW00053878,3667,
USW00053878,4412,
USW00053878,4578,
USW00053878,4290,
USW00053878,3816,
USW00053878,3467,
USW00053878,4138,
USW00053878,3885,
USW00053878,3803,
USW00053878,,
USW00093719,3016,
USW00093719,3074,
USW00093719,2129,
USW00093719,2661,
USW00093719,2676,
USW00093719,2757,
USW00093719,2136,
USW00093719,2279,
USW00093719,2947,
USW00093719,2459,
USW00093719,2298,
USW00093719,2543,
USW00093727,2887,
USW00093727,,
USW00093727,2147,
USW00093727,,
USW00093727,2801,
USW00093727,2804,
USW00093727,2026,
USW00093727,2048,
USW00093727,2566,
USW00093727,2142,
USW00093727,2057,
USW00093727,2322,
USW00093740,2972,
USW00093740,3052,
USW00093740,2179,
USW00093740,2807,
USW00093740,2980,
USW00093740,2983,
USW00093740,2207,
USW00093740,2054,
USW00093740,2743,
USW00093740,2519,
USW00093740,2287,
USW00093740,2544,
USW00093743,,
USW00093743,,
USW00093743,,
USW00093743,2731,
USW00093759,3498,
USW00093759,3601,
USW00093759,2627,
USW00093759,3302,
USW00093759,,
USW00093759,3509,
USW00093759,2672,
USW00093759,2740,
USW00093759,3348,
USW00093759,3057,
USW00093759,2782,
USW00093759,3023,
USW00093765,2520,
USW00093765,2814,
USW00093765,,
USW00093765,2520,
USW00093765,2637,
USW00093765,2755,
USW00093765,1984,
USW00093765,1926,
USW00093765,2564,
USW00093765,,
USW00093765,1923,
USW00093765,2238,
USW00093782,3235,
USW00093782,3151,
USW00093782,2407,
USW00093782,3029,
USW00093782,3268,
USW00093782,,
USW00093782,2227,
USW00093782,,
USW00093782,,
USW00093782,2201,
USW00093782,2413,
USW00093783,3767,
USW00093783,3732,
USW00093783,2901,
USW00093783,3681,
USW00093783,,
USW00093783,3745,
USW00093783,3016,
USW00093783,2752,
USW00093783,3377,
USW00093783,,
USW00093783,,
USW00093783,3071,
USW00093785,3455,
USW00093785,3552,
USW00093785,2683,
USW00093785,3444,
USW00093785,,
USW00093785,3512,
USW00093785,2675,
USW00093785,2700,
USW00093785,,
USW00093807,3796,
USW00093807,,
USW00093807,2894,
USW00093807,3705,
USW00093807,,
USW00093807,3762,
USW00093807,,
USW00093807,2818,
USW00093807,3613,
USW00093807,3339,
USW00093807,,
USW00093807,3329,
